INSERT INTO Employee VALUES (101,'Rohan','Roshan','14-APR-16','Bengaluru','Karnataka');
INSERT INTO Employee VALUES (102,'Rahul','Kapoor','21-JUN-18','Chennai','Tamil Nadu');
INSERT INTO Employee VALUES (103,'Rakesh','Sharma','13-SEP-19','Mumbai','Maharashtra');
INSERT INTO Employee VALUES (104,'Vijay','Thakur','12-APR-11','Mumbai','Maharashtra');
INSERT INTO Employee VALUES (105,'Pratham','Shankar','16-AUG-17','Chennai','Tamil Nadu');
INSERT INTO Employee VALUES (106,'Vikram','Rathore','25-JUL-18','Hyderabad','Telangana');
INSERT INTO Employee VALUES (107,'Vivek','Singh','18-DEC-10','Bengaluru','Karnataka');
INSERT INTO Employee VALUES (108,'Shiv','Shankar','27-NOV-15','Jaipur','Rajasthan');
INSERT INTO Employee VALUES (109,'Raghuram','Prasad','24-APR-16','Pune','Maharashtra');
INSERT INTO Employee VALUES (110,'Suresh','Bhatt','21-MAY-14','Kolkata','West Bengal');

INSERT INTO Department VALUES (1,'Architecture and Design');
INSERT INTO Department VALUES (2,'Software Development');
INSERT INTO Department VALUES (3,'Testing and Release');
INSERT INTO Department VALUES (4,'Data Analysis');
INSERT INTO Department VALUES (5,'Business Analytics');
INSERT INTO Department VALUES (6,'Quality Control');
INSERT INTO Department VALUES (7,'Human Resource');
INSERT INTO Department VALUES (8,'Research and Development');

INSERT INTO Salary VALUES (1001,60000,220,200,1000,400000);
INSERT INTO Salary VALUES (1002,75000,250,300,1200,400001);
INSERT INTO Salary VALUES (1003,100000,300,400,1400,400002);
INSERT INTO Salary VALUES (1004,110000,310,450,1500,400003);
INSERT INTO Salary VALUES (1005,60000,220,200,1000,400004);
INSERT INTO Salary VALUES (1006,80000,270,320,1250,400005);
INSERT INTO Salary VALUES (1007,90000,290,350,1300,400006);
INSERT INTO Salary VALUES (1008,120000,320,500,1500,400007);
INSERT INTO Salary VALUES (1009,65000,230,200,1000,400008);
INSERT INTO Salary VALUES (1010,70000,340,275,1150,400009);

INSERT INTO Department_Project VALUES (1,1001);
INSERT INTO Department_Project VALUES (2,1002);
INSERT INTO Department_Project VALUES (3,1003);
INSERT INTO Department_Project VALUES (4,1004);
INSERT INTO Department_Project VALUES (5,1005);
INSERT INTO Department_Project VALUES (6,1006);
INSERT INTO Department_Project VALUES (7,1007);
INSERT INTO Department_Project VALUES (8,1008);

INSERT INTO Project VALUES (1001,'Proj_1','Description_1');
INSERT INTO Project VALUES (1002,'Proj_2','Description_2');
INSERT INTO Project VALUES (1003,'Proj_3','Description_3');
INSERT INTO Project VALUES (1004,'Proj_4','Description_4');
INSERT INTO Project VALUES (1005,'Proj_5','Description_5');
INSERT INTO Project VALUES (1006,'Proj_6','Description_6');
INSERT INTO Project VALUES (1006,'Proj_7','Description_7');
INSERT INTO Project VALUES (1006,'Proj_8','Description_8');

INSERT INTO AccountDetails VALUES (400000,'ICICI','AC1002FD',101);
INSERT INTO AccountDetails VALUES (400001,'ICICI','AC1020FD',102);
INSERT INTO AccountDetails VALUES (400002,'ICICI','AC1035FD',103);
INSERT INTO AccountDetails VALUES (400003,'ICICI','AC1060FD',104);
INSERT INTO AccountDetails VALUES (400004,'SBI','PPF10010',105);
INSERT INTO AccountDetails VALUES (400005,'SBI','PPF10200',106);
INSERT INTO AccountDetails VALUES (400006,'SBI','PPF14900',107);
INSERT INTO AccountDetails VALUES (400007,'SBI','PPF12890',108);
INSERT INTO AccountDetails VALUES (400008,'HSBC','DMAT001',109);
INSERT INTO AccountDetails VALUES (400009,'HSBC','DMAT067',110);

INSERT INTO Education VALUES (601,101,'M-Tech',2020);
INSERT INTO Education VALUES (602,102,'M-Tech',2019);
INSERT INTO Education VALUES (603,104,'MBA',2021);
INSERT INTO Education VALUES (604,108,'BAS',2018);
INSERT INTO Education VALUES (605,109,'B-Tech',2017);
INSERT INTO Education VALUES (606,107,'B-Tech',2022);
INSERT INTO Education VALUES (607,106,'M-Phil',2015);

INSERT INTO employee_leave VALUES (51,104,'1-DEC-19', 'dd-MON-yyyy');
INSERT INTO employee_leave VALUES (52,108,'2-DEC-19', 'dd-MON-yyyy');
INSERT INTO employee_leave VALUES (53,109,'3-DEC-19', 'dd-MON-yyyy');
INSERT INTO employee_leave VALUES (54,107,'4-DEC-19', 'dd-MON-yyyy');
INSERT INTO employee_leave VALUES (55,106,'5-DEC-19', 'dd-MON-yyyy');
INSERT INTO employee_leave VALUES (56,104,'6-DEC-19', 'dd-MON-yyyy');
INSERT INTO employee_leave VALUES (57,108,'7-DEC-19', 'dd-MON-yyyy');
INSERT INTO employee_leave VALUES (58,109,'7-DEC-19', 'dd-MON-yyyy');
INSERT INTO employee_leave VALUES (59,107,'8-DEC-19', 'dd-MON-yyyy');
INSERT INTO employee_leave VALUES (60,106,'9-DEC-19', 'dd-MON-yyyy');

INSERT INTO Employee_Attendance VALUES (101,90);
INSERT INTO Employee_Attendance VALUES (102,91);
INSERT INTO Employee_Attendance VALUES (103,92);
INSERT INTO Employee_Attendance VALUES (104,93);
INSERT INTO Employee_Attendance VALUES (105,94);
INSERT INTO Employee_Attendance VALUES (106,95);
INSERT INTO Employee_Attendance VALUES (107,96);
INSERT INTO Employee_Attendance VALUES (108,91);
INSERT INTO Employee_Attendance VALUES (109,92);
INSERT INTO Employee_Attendance VALUES (110,93);

INSERT INTO Attendance VALUES (90,55);
INSERT INTO Attendance VALUES (91,58);
INSERT INTO Attendance VALUES (92,60);
INSERT INTO Attendance VALUES (93,53);
INSERT INTO Attendance VALUES (94,57);
INSERT INTO Attendance VALUES (95,62);
INSERT INTO Attendance VALUES (96,51);

INSERT INTO Work_Location VALUES (71,'North India',4,'New Delhi','Deshi',101);
INSERT INTO Work_Location VALUES (72,'North India',4,'Jaipur','Rajasthan',102);
INSERT INTO Work_Location VALUES (73,'East India',4,'Roorkie','Assam',103);
INSERT INTO Work_Location VALUES (74,'East India',89,'Guwhati','Assam',104);
INSERT INTO Work_Location VALUES (75,'South India',90,'Bengaluru','Karnataka',105);
INSERT INTO Work_Location VALUES (76,'South India',100,'Chennai','Tamil Nadu',106);
INSERT INTO Work_Location VALUES (77,'South India',4,'Hyderabad','Telangana',107);
INSERT INTO Work_Location VALUES (78,'West India',2,'Mumbai','Maharashtra',108);
INSERT INTO Work_Location VALUES (79,'West India',25,'Pune','Maharashtra',109);
INSERT INTO Work_Location VALUES (80,'West India',20,'Ahmendabad','Gujarat',110);
INSERT INTO Work_Location VALUES (81,'North India',22,'Lucknow','ttar Pradesh',109);

